drop database if exists vecdb2;
create database vecdb2;
use vecdb2;
drop table if exists t1;
create table t1(a int primary key,b vecf32(3), c vecf64(5));
insert into t1 values(1, "[1,2,3]" , "[1,2,3,4,5");
internal error: malformed vector input: [1,2,3,4,5
insert into t1 values(2, "[1,2,4]", "[1,2,4,4,5]");
insert into t1 values(3, "[1,2.4,4]", "[1,2.4,4,4,5]");
insert into t1 values(4, "[1,2,5]", "[1,2,5,4,5]");
insert into t1 values(5, "[1,3,5]", "[1,3,5,4,5]");
insert into t1 values(6, "[100,44,50]", "[100,44,50,60,70]");
insert into t1 values(7, "[120,50,70]", "[120,50,70,80,90]");
insert into t1 values(8, "[130,40,90]", "[130,40,90,100,110]");
select a,b,normalize_l2(b) from t1;
a    b    normalize_l2(b)
2    [1, 2, 4]    [0.21821788, 0.43643576, 0.8728715]
3    [1, 2.4, 4]    [0.2096109, 0.5030662, 0.8384436]
4    [1, 2, 5]    [0.18257418, 0.36514837, 0.9128709]
5    [1, 3, 5]    [0.16903085, 0.50709254, 0.8451542]
6    [100, 44, 50]    [0.83229357, 0.36620918, 0.41614679]
7    [120, 50, 70]    [0.8127426, 0.33864275, 0.47409984]
8    [130, 40, 90]    [0.7970812, 0.24525574, 0.5518254]
select cluster_centers(b spherical_kmeans '2,vector_l2_ops') from t1;
cluster_centers(b, 2,vector_l2_ops)
[ [0.8140391, 0.31670254, 0.4806907],[0.19485846, 0.45293573, 0.8673351] ]
select cluster_centers(b spherical_kmeans '2,vector_ip_ops') from t1;
cluster_centers(b, 2,vector_ip_ops)
[ [0.8140391, 0.31670254, 0.4806907],[0.19485846, 0.45293573, 0.8673351] ]
select cluster_centers(b spherical_kmeans '2,vector_cosine_ops') from t1;
cluster_centers(b, 2,vector_cosine_ops)
[ [0.8140391, 0.31670254, 0.4806907],[0.19485846, 0.45293573, 0.8673351] ]
SELECT value FROM  (SELECT cluster_centers(b spherical_kmeans '2,vector_cosine_ops') AS centers FROM t1) AS subquery CROSS JOIN  UNNEST(subquery.centers) AS u;
value
[0.8140391, 0.31670254, 0.4806907]
[0.19485846, 0.45293573, 0.8673351]
select a,c,normalize_l2(c) from t1;
a    c    normalize_l2(c)
2    [1, 2, 4, 4, 5]    [0.1270001270001905, 0.254000254000381, 0.508000508000762, 0.508000508000762, 0.6350006350009525]
3    [1, 2.4, 4, 4, 5]    [0.12523503624640608, 0.3005640869913746, 0.5009401449856243, 0.5009401449856243, 0.6261751812320304]
4    [1, 2, 5, 4, 5]    [0.11867816581938533, 0.23735633163877065, 0.5933908290969266, 0.4747126632775413, 0.5933908290969266]
5    [1, 3, 5, 4, 5]    [0.11470786693528087, 0.3441236008058426, 0.5735393346764044, 0.4588314677411235, 0.5735393346764044]
6    [100, 44, 50, 60, 70]    [0.6602997913373754, 0.29053190818844515, 0.3301498956686877, 0.3961798748024252, 0.46220985393616276]
7    [120, 50, 70, 80, 90]    [0.6298366572977736, 0.262431940540739, 0.3674047167570346, 0.4198911048651824, 0.4723774929733302]
8    [130, 40, 90, 100, 110]    [0.5890862307582768, 0.18125730177177748, 0.40782892898649936, 0.45314325442944375, 0.4984575798723881]
select cluster_centers(c spherical_kmeans '2,vector_l2_ops') from t1;
cluster_centers(c, 2,vector_l2_ops)
[ [0.6264075597978086, 0.24474038350032057, 0.3684611804707405, 0.42307141136568377, 0.477681642260627],[0.1214052990003157, 0.28401106835909223, 0.5439677041899293, 0.4856211960012628, 0.6070264950015785] ]
select cluster_centers(c spherical_kmeans '2,vector_ip_ops') from t1;
cluster_centers(c, 2,vector_ip_ops)
[ [0.6264075597978086, 0.24474038350032057, 0.3684611804707405, 0.42307141136568377, 0.477681642260627],[0.1214052990003157, 0.28401106835909223, 0.5439677041899293, 0.4856211960012628, 0.6070264950015785] ]
select cluster_centers(c spherical_kmeans '2,vector_cosine_ops') from t1;
cluster_centers(c, 2,vector_cosine_ops)
[ [0.6264075597978086, 0.24474038350032057, 0.3684611804707405, 0.42307141136568377, 0.477681642260627],[0.1214052990003157, 0.28401106835909223, 0.5439677041899293, 0.4856211960012628, 0.6070264950015785] ]
SELECT value FROM  (SELECT cluster_centers(c spherical_kmeans '2,vector_cosine_ops') AS centers FROM t1) AS subquery CROSS JOIN  UNNEST(subquery.centers) AS u;
value
[0.6264075597978086, 0.24474038350032057, 0.36846118047074056, 0.42307141136568377, 0.47768164226062704]
[0.1214052990003157, 0.28401106835909223, 0.5439677041899293, 0.4856211960012628, 0.6070264950015786]
drop database vecdb2;
